title,link
XPath - 維基百科，自由的百科全書,https://zh.wikipedia.org/zh-tw/XPath
XPath Tutorial,https://www.w3schools.com/xml/xpath_intro.asp
XPath 入門指南：輕鬆理解網頁數據抓取,https://realnewbie.com/front-end/xpath/
手把手python爬蟲教學(一): xpath - LUFOR129,https://lufor129.medium.com/%E6%89%8B%E6%8A%8A%E6%89%8B%E5%AF%AB%E5%80%8B%E7%88%AC%E8%9F%B2%E6%95%99%E5%AD%B8-%E4%B8%80-xpath-518553fd676d
使用Visual C# 以XPath 運算式查詢XML,https://learn.microsoft.com/zh-tw/troubleshoot/developer/dotnet/framework/general/query-xpathdocument-xpath-csharp
XPath 常用語法 - iT 邦幫忙::一起幫忙解決難題，拯救IT 人的一天,https://ithelp.ithome.com.tw/articles/10218625
XPath Syntax,https://www.w3schools.com/xml/xpath_syntax.asp
XPath 教程| 菜鸟教程,http://www.runoob.com/xpath/xpath-tutorial.html
Xpath cheatsheet,https://devhints.io/xpath
XPath - MDN Web Docs,https://developer.mozilla.org/en-US/docs/Web/XPath
XPath,https://en.wikipedia.org/wiki/XPath
XPath Helper,https://chrome.google.com/webstore/detail/xpath-helper/hgimnogjllphhhkhlmebbmlgjoejdpjl?hl=zh-TW
XmlDataSource.XPath 屬性(System.Web.UI.WebControls),https://learn.microsoft.com/zh-tw/dotnet/api/system.web.ui.webcontrols.xmldatasource.xpath?view=netframework-4.8.1
xpath cover page,https://www.w3.org/TR/xpath/
XPath 前言及表示式,https://www.ibm.com/docs/zh-tw/i/7.5?topic=xpath-prologs-expressions
XPath 函數的說明,https://www.ibm.com/docs/zh-tw/i/7.5?topic=xpath-descriptions-functions
XPath Support,https://www.oxygenxml.com/xpath.html
How XPath Works,https://docs.oracle.com/javase%2Ftutorial%2F/jaxp/xslt/xpath.html
XPath,https://docs.mendix.com/refguide/xpath/
XML/XPath - 維基教科書，自由的教學讀本,https://zh.wikibooks.org/zh-tw/XML/XPath
XPath_百度百科,https://baike.baidu.hk/item/XPath/5574064
[Day 10]seleium的XPath用法 - iT 邦幫忙,https://ithelp.ithome.com.tw/m/articles/10323418
XPath - MDN Web Docs,https://developer.mozilla.org/zh-CN/docs/Web/XPath
33 XPath | R 學習筆記,https://bookdown.org/b08302310/R_learning_notes/xpath.html
Introduction to XPath,https://www.geeksforgeeks.org/introduction-to-xpath/
xpath - Packages,https://packagecontrol.io/packages/xpath
"XPath online real-time tester, evaluator and generator for XML ...",http://xpather.com/
SimpleXMLElement::xpath - Manual,https://www.php.net/manual/en/simplexmlelement.xpath.php
XPath - Apache Camel,https://camel.apache.org/components/4.4.x/languages/xpath-language.html
xpath,https://www.npmjs.com/package/xpath
XPath 语法| 菜鸟教程,http://www.runoob.com/xpath/xpath-syntax.html
"XPath package for Golang, supports HTML, XML, JSON ...",https://github.com/antchfx/xpath
Intro to XPath with Java,https://www.baeldung.com/java-xpath
XML Path Language (XPath) Version 1.0,https://www.w3.org/TR/1999/REC-xpath-19991116/
How to use XPath in Selenium? (With Examples),https://www.browserstack.com/guide/xpath-in-selenium
使用XPath 定位抓取網頁元素路徑,https://shazi.info/%E4%BD%BF%E7%94%A8-xpath-%E5%AE%9A%E4%BD%8D%E6%8A%93%E5%8F%96%E7%B6%B2%E9%A0%81%E5%85%83%E7%B4%A0%E8%B7%AF%E5%BE%91/
TEI data teidata.xpath,https://tei-c.org/release/doc/tei-p5-doc/zh-TW/html/ref-teidata.xpath.html
XPath (Java Platform SE 8 ),https://docs.oracle.com/javase%2F8%2Fdocs%2Fapi%2F%2F/javax/xml/xpath/XPath.html
Newest 'xpath' Questions,https://stackoverflow.com/questions/tagged/xpath
Activities - Execute XPath,https://docs.uipath.com/activities/other/latest/developer/execute-x-path
XPath for Web Scraping: Step-by-Step Tutorial for Beginners,https://www.zenrows.com/blog/xpath-web-scraping
XPath Overview | Junos OS,https://www.juniper.net/documentation/us/en/software/junos/automation-scripting/topics/concept/junos-script-automation-xpath-overview.html
TIBCO EBX® Documentation - Supported XPath syntax,https://docs.tibco.com/pub/ebx/5.9.17/doc/html/en/references/xpath_ref.html
XPath,https://xpath.fr/
XPath Expressions,https://help.adobe.com/en_US/framemaker/using/using-framemaker/user-guide/frm_structauth_sa-xpath.html
4. Locating Elements - Selenium with Python - Read the Docs,https://selenium-python.readthedocs.io/locating-elements.html
Xpath - 查詢GUI,https://community.jmp.com/t5/JMP-Wish-List/Xpath-gt-Query-GUI/idi-p/687270?code=zh-TW
Learn XPath Tutorial,https://www.javatpoint.com/xpath-tutorial
XPath Functions and Operations - Verastream Process ...,https://www.microfocus.com/documentation/verastream-process-designer/r6-sp2/user-guide/how-to-use-process-design-studio/what-is-a-web-service/how-to-create-a-business-process/using-the-xpath-expression-editor/xpath-functions-and-operations/
Detecting objects with XPath in Katalon Studio,https://docs.katalon.com/katalon-studio/test-objects/web-test-objects/detecting-objects-with-xpath-in-katalon-studio
Smart Ways to Use XPath in Selenium - [Updated],https://testsigma.com/blog/xpath-in-selenium/
xpath function | Databricks on AWS,https://docs.databricks.com/en/sql/language-manual/functions/xpath.html
"XPath in Selenium: How to Find & Write? (Text, Contains, ...",https://www.guru99.com/xpath-selenium.html
XPath and XSLT with lxml,https://lxml.de/xpathxslt.html
XPath Expressions | InterSystems IRIS Data Platform 2024.1,https://docs.intersystems.com/irislatest/csp/docbook/DocBook.UI.Page.cls?KEY=GXML_xpath
How To Use XPath in Selenium: Complete Guide With ...,https://www.lambdatest.com/blog/complete-guide-for-using-xpath-in-selenium-with-examples/
Access Header and Properties in XPath,https://help.sap.com/docs/cloud-integration/sap-cloud-integration/access-header-and-properties-in-xpath
XPATH Injection,https://owasp.org/www-community/attacks/XPATH_Injection
XPath 2.0 Programmer's Reference - 第 89 頁 - Google 圖書結果,https://books.google.com.tw/books?id=Xw3_tzEJVEwC&pg=PA89&lpg=PA89&dq=Xpath&source=bl&ots=07LsIUku7K&sig=ACfU3U36KMs2iJNKerZaVPQap7Y0auokZg&hl=zh-TW&sa=X&ved=2ahUKEwiewuuxv8SGAxU1r1YBHU7rL444MhDoAXoECAIQAw
XPath tutorial — calibre 7.12.0 documentation,https://manual.calibre-ebook.com/xpath.html
Using XPath with the XML Module - Mule 4,https://docs.mulesoft.com/xml-module/latest/xml-xpath
An Introduction Xpath in Selenium and Its Use,https://www.simplilearn.com/tutorials/selenium-tutorial/xpath-in-selenium
xpath.global: Global Mobility Management Ecosystem,https://xpath.global/
Ruby library for generating XPath expressions,https://github.com/teamcapybara/xpath
XPath Helper - Chrome Web Store,https://chromewebstore.google.com/detail/xpath-helper/hgimnogjllphhhkhlmebbmlgjoejdpjl
XPath expression evaluation | IntelliJ IDEA Documentation,https://www.jetbrains.com/help/idea/xpath-expression-evaluation.html
xml.etree.ElementTree — The ElementTree XML API,https://docs.python.org/3/library/xml.etree.elementtree.html
XPath Playground,https://scrapinghub.github.io/xpath-playground/
XPath: Navigating XML with XPath 1.0 and 2.0 : Kick Start,https://books.google.com.tw/books?id=UYBXOIR02ooC&pg=PR5&lpg=PR5&dq=Xpath&source=bl&ots=mrAszfX9-X&sig=ACfU3U1nKgsU0NO0e2I7nBhJnBxA9GcQbQ&hl=zh-TW&sa=X&ved=2ahUKEwjbmYW2v8SGAxXyrlYBHUZcKvk4PBDoAXoECAIQAw
Nightwatch101 #6：使用Xpath 定位網頁元素,https://www.cythilya.tw/2017/12/16/nightwatch-xpath/
Camel XPath | Extensions,https://quarkus.io/extensions/org.apache.camel.quarkus/camel-quarkus-xpath/
What is XPath in Selenium? The Definitive Guide - Perfecto,https://www.perfecto.io/blog/xpath-in-selenium
PMD - XPath Rule tutorial,http://www.ing.iac.es/~docs/external/java/pmd/xpathruletutorial.html
XML and XPath,https://docs.paloaltonetworks.com/pan-os/9-1/pan-os-panorama-api/about-the-pan-os-xml-api/structure-of-a-pan-os-xml-api-request/xml-and-xpath
什麼是XPath？ XML 路徑語言- 縮略語,https://zh-tw.martech.zone/acronym/xpath/
Using the XPath Extractor in JMeter,https://www.blazemeter.com/blog/xpath-extractor-jmeter
"XPath, XLink, XPointer, and XML: A Practical Guide to Web ...",https://books.google.com.tw/books?id=_b4BG1GC7pgC&pg=PA121&lpg=PA121&dq=Xpath&source=bl&ots=wPGuphCDIk&sig=ACfU3U2p1mnqjwea69ZNnx4PvNgTE2itGg&hl=zh-TW&sa=X&ved=2ahUKEwjmvq64v8SGAxWps1YBHXFHNlQ4RhDoAXoECAQQAw
XPath and XPointer: Locating Content in XML Documents,https://books.google.com.tw/books?id=F6XzBAmxNWcC&pg=PA190&lpg=PA190&dq=Xpath&source=bl&ots=GBQEhxfyaE&sig=ACfU3U2zb1Zm5WaQYtdh3B9rYNYAUNWquQ&hl=zh-TW&sa=X&ved=2ahUKEwjmvq64v8SGAxWps1YBHXFHNlQ4RhDoAXoECAIQAw
XSLT and XPATH: A Guide to XML Transformations,https://books.google.com.tw/books?id=2J66V7CHn8QC&pg=PA90&lpg=PA90&dq=Xpath&source=bl&ots=zTRdYdCwRr&sig=ACfU3U2qM_cZmL1GCzKG22VjbPD0gV8eLQ&hl=zh-TW&sa=X&ved=2ahUKEwjmvq64v8SGAxWps1YBHXFHNlQ4RhDoAXoECAMQAw
XPath Introduction,https://www.liquid-technologies.com/xpath-tutorial
An introduction to XPath: How to get started,https://www.zyte.com/blog/an-introduction-to-xpath-with-examples/
XPath Tutorial for Beginners,https://www.ionos.com/digitalguide/websites/web-development/xpath-tutorial/
XPath,https://hub.knime.com/knime/extensions/org.knime.features.xml/latest/org.knime.xml.node.xpath2.XPathNodeFactory
XPath Explained - Official 7 Days to Die Wiki - Fandom,https://7daystodie.fandom.com/wiki/XPath_Explained
What is XPath | How to create XPath | for Beginners,https://www.youtube.com/watch?v=U-MZJ6rbqi4
XPath in DocuSign CLM,https://support.docusign.com/s/document-item?language=zh_TW&bundleId=pxt1643324456371&topicId=dju1576610171242.html&_LANG=ja
XML::XPath,https://metacpan.org/pod/XML::XPath
XPath Tester and Editor,https://www.altova.com/xmlspy-xml-editor/xpath-tester
XPATH注入学习,https://xz.aliyun.com/t/7791
XPath 语法,https://www.w3school.com.cn/xpath/xpath_syntax.ASP
Definitive XSLT and XPath: G. Ken Holman,https://www.amazon.com/Definitive-XSLT-XPath-Ken-Holman/dp/0130651966
XPath,https://doc.orbeon.com/xforms/xpath
Finding Web Objects Using XPath Expressions,https://support.smartbear.com/testcomplete/docs/app-testing/web/general/common-tasks/finding-objects/xpath-expressions.html
XPath Plugin for Chrome Browser - SelectorsHub,https://selectorshub.com/selectorshub/
XPath Operators - Docentric AX,https://ax.docentric.com/how-to-manuals/template-design/docentric-ax-template-designer/xpath-expressions/xpath-operators/
Working with XPath Expressions,https://www.oxygenxml.com/doc/ug-editor/topics/running-xpath-expressions.html
XPath的使用原创,https://blog.csdn.net/m0_72765822/article/details/139436873
Solved: JSL > XPATH detailed docmentation,https://community.jmp.com/t5/Discussions/JSL-gt-XPATH-detailed-docmentation/td-p/431613?code=zh-TW
XSLT 2.0 and XPath 2.0 Programmer's Reference,https://books.google.com.tw/books?id=zgV5MlhlyigC&pg=PA1143&lpg=PA1143&dq=Xpath&source=bl&ots=9jAHBwxHAU&sig=ACfU3U2yIXFsGeJ4c_TWOCH2X21mC__hKA&hl=zh-TW&sa=X&ved=2ahUKEwjQ8f68v8SGAxVNkVYBHc9lBH84WhDoAXoECAIQAw
Xpath in Selenium with All Tactics and Examples,https://www.swtestacademy.com/xpath-selenium/
XPath Tutorial,https://www.tutorialspoint.com/xpath/index.htm
XPath text | How does XPath text work? | Examples,https://www.educba.com/xpath-text/
XPath starts-with,https://docs.mendix.com/refguide/xpath-starts-with/
Locators,https://playwright.dev/docs/locators
XPath query to get nth instance of an element - xml,https://stackoverflow.com/questions/4007413/xpath-query-to-get-nth-instance-of-an-element
How to select an element that is in xpath with xpath?,https://www.odoo.com/forum/help-1/how-to-select-an-element-that-is-in-xpath-with-xpath-186417
How To Use XPath In Selenium Tutorial With Examples,https://saucelabs.com/resources/blog/xpath-in-selenium-getting-started
What can XPath do for me? - Digital humanities,http://dh.obdurodon.org/introduction-xpath.xhtml
XPath 教程,http://www.zvon.org/xxl/XPathTutorial/General_chi/examples.html
XPath教程 - 1 - 知乎,https://zhuanlan.zhihu.com/p/29436838
XPath Examples,https://renderman.pixar.com/resources/RenderMan_20/xPathExamples.html
JSONPath - XPath for JSON,https://goessner.net/articles/JsonPath/
How to use XPath – Evaluate() method,https://docs.aspose.com/html/net/how-to-articles/how-to-use-xpath/
JSONPath and XPath User Guide,https://docs.mashery.com/connectorsguide/GUID-587F2446-A256-4C08-BBD4-B8A9912A4BA1.html
DOMXPath - Manual,https://www.php.net/manual/en/class.domxpath.php
pyspark.sql.functions.xpath,https://spark.apache.org/docs/latest/api/python/reference/pyspark.sql/api/pyspark.sql.functions.xpath.html
Java XPath Tutorial (with Examples),https://howtodoinjava.com/java/xml/java-xpath-tutorial-example/
XPATH custom rules - SonarQube,https://community.sonarsource.com/t/xpath-custom-rules/14485
JSONPath Online Evaluator,https://jsonpath.com/
Doubt with XPATH in CPI,https://community.sap.com/t5/technology-q-a/doubt-with-xpath-in-cpi/qaq-p/12599377
XPath search | IntelliJ IDEA Documentation,https://www.jetbrains.com/help/idea/xpath-search.html
Free Online XPath Tester / Evaluator,https://www.freeformatter.com/xpath-tester.html
Evaluate XPath in the Linux Command Line,https://www.baeldung.com/linux/evaluate-xpath
XPath Reference — YumaPro 23.10T documentation,https://docs.yumaworks.com/en/latest/user-cmn/xpath-reference.html
Other Expressions,https://www.altova.com/training/xpath3/other-expressions
XPath Expression Tester,https://xpath.curiousconcept.com/
Blind XPath Injection,https://owasp.org/www-community/attacks/Blind_XPath_Injection
XPath Node Selection - PAN-OS,https://docs.paloaltonetworks.com/pan-os/10-1/pan-os-panorama-api/about-the-pan-os-xml-api/structure-of-a-pan-os-xml-api-request/xpath-node-selection
Xpath Expression - an overview,https://www.sciencedirect.com/topics/computer-science/xpath-expression
Practical XPath for Web Scraping - ScrapingBee,https://www.scrapingbee.com/blog/practical-xpath-for-web-scraping/
SelectorsHub - Chrome Web Store,https://chromewebstore.google.com/detail/selectorshub/ndgimibanhlabgdgjcpbbndiehljcpfh
[料理佳餚] XPath 常用的範例| 軟體主廚的程式料理廚房,https://dotblogs.com.tw/supershowwei/2018/09/03/145254
Using the XPATH function for web service qualifications,https://docs.bmc.com/docs/ars2002/using-the-xpath-function-for-web-service-qualifications-909638016.html
XPath Query Examples for Reports,https://support.ingeniux.com/knowledge-base/documentation/cms-10/administration/reports/xpath-examples-for-reports
Selecting content on a web page with XPath,https://carpentries-incubator.github.io/lc-webscraping/02-xpath/index.html
XPath in Docusign CLM,https://support.docusign.com/s/document-item?bundleId=pxt1643324456371&topicId=dju1576610171242.html&_LANG=enus
20 ways to write ultimate XPATH for ANY type of web ...,https://www.linkedin.com/pulse/20-ways-write-ultimate-xpath-any-type-web-element-never-adnan-arif
Quick XPath Locators Cheat Sheet,https://www.browserstack.com/guide/xpath-locators-cheat-sheet
XPath / XQuery Tutorial for SQL Pros,https://www.youtube.com/watch?v=NUTvFwXGN-M
how to xpath a form inside a line view(odoo11),https://www.odoo.com/forum/help-1/how-to-xpath-a-form-inside-a-line-view-odoo11-171816
XPath - Expression,https://www.tutorialspoint.com/xpath/xpath_expression.htm
XPath Functional Test,https://users.dimi.uniud.it/~massimo.franceschet/xpathmark/FT.html
什麼是XPath,https://matthung0807.blogspot.com/2017/12/xpath.html
Power Automate - xpath function reference,https://manueltgomes.com/reference/powerautomate-function-reference/xpath-function/
Other locators,https://playwright.dev/docs/other-locators
"XPath Contains, AND OR, Parent, Start with, Axes in ...",https://www.h2kinfosys.com/blog/xpath-contains-and-or-parent-start-with-axes-in-selenium-webdriver/
XPath/XQuery,https://link.springer.com/10.1007/978-1-4614-6170-8_135
An SEO's guide to XPath,https://builtvisible.com/seo-guide-to-xpath/
[AHK#24] Selenium WebDriver由實例學習常用功能(使用 ...,https://www.youtube.com/watch?v=5fu1HrjnZoI
SelectorsHub- Free Productivity Booster Tools For Testers,https://selectorshub.com/
SeleniumLibrary,https://robotframework.org/SeleniumLibrary/SeleniumLibrary.html
XPath 1.0 Tutorial,http://zvon.org/comp/r/tut-XPath_1.html
"XPath Contains: Text, Following Sibling & Ancestor in ...",https://www.guru99.com/using-contains-sbiling-ancestor-to-find-element-in-selenium.html
"XPath XML | Definition, Example, Evaluting and FAQs",https://www.educba.com/xpath-xml/
python爬虫必备解析库：xpath语法及用法讲解,https://www.youtube.com/watch?v=iTE5fQvUh6o
Шпаргалка по XPath и CSS-селекторам,https://habr.com/ru/articles/817555/
Page interactions,https://pptr.dev/guides/page-interactions
Plugins,https://docs.cypress.io/plugins
"XPath for Selenium, Playwright & Cypress Web Automation ...",https://spurqlabs.com/web-stories/xpath-for-selenium-playwright-cypress-web-automation-testing-2/
7. WebDriver API — Selenium Python Bindings 2 documentation,https://selenium-python.readthedocs.io/api.html
Xpat: Home Page,https://xpat.egov.mv/
What is XPath? Types of XPath? How to write XPath? | XPath ...,https://www.youtube.com/watch?v=Em2PfKQ26Zw
笔记-python爬虫之xpath的基本使用原创,https://blog.csdn.net/java2508/article/details/139435724
python根据xpath获得span的text和所有子孙节点的 ...,https://blog.51cto.com/u_16099193/11052334
91 Selenium Interview Questions and Answers for 2024,https://www.simplilearn.com/tutorials/selenium-tutorial/selenium-interview-questions-and-answers
"XPath Operators & XPath Functions - and, or, text, contains ...",https://www.youtube.com/watch?v=OTStvDR_jF4
Scrapy Tutorial — Scrapy 2.11.2 documentation,https://docs.scrapy.org/en/latest/intro/tutorial.html
JSON Path Finder,https://jsonpathfinder.com/
Python XPath 获取iframe,https://blog.51cto.com/u_16213434/11047388
Solved: The schema for recipients specified in the transit...,https://experienceleaguecommunities.adobe.com/t5/adobe-campaign-classic-questions/the-schema-for-recipients-specified-in-the-transition-abc-xyz-is/td-p/677483
XPath Tutorial #1: What is XPath?,https://www.youtube.com/watch?v=128luZRWOpw
Work Permit Verification please provide below details ...,https://xpat.egov.mv/EmploymentApproval/EmploymentApproval/WorkPermitVerifyView
Devhints — TL;DR for developer documentation,https://devhints.io/
Selenium How to create xpaths,https://www.youtube.com/watch?v=W9_q7tZon2M
Automation Step by Step: NEVER STOP LEARNING,https://automationstepbystep.com/
Script to book tennis courts at UBC,https://www.reddit.com/r/UBC/comments/1d7zbbc/script_to_book_tennis_courts_at_ubc/
XPATH 네이버에서 카페 찾는 과정 문의입니다.,https://www.inflearn.com/questions/1283190/xpath-%EB%84%A4%EC%9D%B4%EB%B2%84%EC%97%90%EC%84%9C-%EC%B9%B4%ED%8E%98-%EC%B0%BE%EB%8A%94-%EA%B3%BC%EC%A0%95-%EB%AC%B8%EC%9D%98%EC%9E%85%EB%8B%88%EB%8B%A4
Signature,https://sdk.myinvois.hasil.gov.my/signature/
contains,https://docs.cypress.io/api/commands/contains
Selenium XPath Tutorial #5 - XPath text() Method | Find ...,https://www.youtube.com/watch?v=ZDVoFyZipAw
Complete Xpath from Basic to Advance | 14 Xpath Function ...,https://www.youtube.com/watch?v=NhG__BL8zFo
Selenium XPath Tutorial #6 - XPath AND Operator | XPath OR ...,https://www.youtube.com/watch?v=QB09mSPvhWc
How to Become Genius in XPath in Selenium - Session -18,https://www.youtube.com/watch?v=3uktjWgKrtI
How does xpath works | XPath Concept | xpath in selenium,https://www.youtube.com/watch?v=2Xwbc-szUyA
XPath Function Tutorial,https://www.youtube.com/watch?v=LwTv_G0VwoE
python爬虫：xpath表达式^网页标签信息提取^简单高效！,https://www.youtube.com/watch?v=gNZ7b-cW07g
Learn to write XPath using different xPath formula | Xpath ...,https://www.youtube.com/watch?v=YMEOIVF8A1E
XPath Expression Locators - Part 3 - Types of XPath ...,https://www.youtube.com/watch?v=Ebbe-pLa4xE
XPath Tutorial #2: How to write an XPath and what are the ...,https://www.youtube.com/watch?v=Qp1C8Z9ZwWA
Deep Dive Into XPath - Mendix Expert Webinar,https://www.youtube.com/watch?v=OR7-Ww4d4w0
XPath Tutorial #3: What is the right platform to write and verify ...,https://www.youtube.com/watch?v=cMTaj22HVZc
Python自動化教學_05_網頁自動化與網頁爬蟲| 使用XPath從 ...,https://www.youtube.com/watch?v=Kl-qeIM4t6w
XML Tutorial 51 Using Xpath With XML,https://www.youtube.com/watch?v=O4Y0D0jC6to
Python自動化教學_06_網頁自動化與網頁爬蟲XPath 語法、函數 ...,https://www.youtube.com/watch?v=quumIwK4X7U
How to Use XPATH in Selenium,https://www.youtube.com/watch?v=XZnuIirVvw8
XML Ders 10 XPath Nedir,https://www.youtube.com/watch?v=x4FqS_7Gpqc
EP 1-6 เรียนรู้เพิ่มเติมเกี่ยวกับ Xpath,https://www.youtube.com/watch?v=uAa3G-I1ptQ
🔧O que é XPath?Como usa-lo em automações e web ...,https://www.youtube.com/watch?v=UtNzSqURyJk
Automate with Python – Full Course for Beginners,https://www.youtube.com/watch?v=PXMJ6FS7llk
XPath คืออะไร พร้อมตัวอย่างการใช้งาน ทำความรู้จัก,https://www.youtube.com/watch?v=EeK3RaURUhM
