Title,Link
Steam 平台公開2023 年遊玩人數最高的遊戲排行榜| 電腦王阿達,https://today.line.me/tw/v2/article/OpG7xXB
Steam 上的熱門標籤,https://store.steampowered.com/tag/browse/?l=tchinese
Steam 遊戲推薦清單！超過30 款必玩免費、付費遊戲任你挑！,https://news.para-daily.com/2024/04/08/top-steam-games/
Steam遊戲推薦全指南｜多人、單機Steam 免費遊戲推薦！,https://www.bteam-gaming.com/blog/posts/best-steam-game-supplements
最多人遊玩,https://store.steampowered.com/charts/mostplayed?l=tchinese
Steam Deck 前100 款人氣最高的遊戲！,https://store.steampowered.com/sale/decktop100?l=tchinese
Steam 2023 年度最佳遊戲排行榜｜趁特賣未完趕緊補完熱門 ...,https://www.hk01.com/%E9%81%8A%E6%88%B2%E5%8B%95%E6%BC%AB/975978/steam-2023-%E5%B9%B4%E5%BA%A6%E6%9C%80%E4%BD%B3%E9%81%8A%E6%88%B2%E6%8E%92%E8%A1%8C%E6%A6%9C-%E8%B6%81%E7%89%B9%E8%B3%A3%E6%9C%AA%E5%AE%8C%E8%B6%95%E7%B7%8A%E8%A3%9C%E5%AE%8C%E7%86%B1%E9%96%80%E9%81%8A%E6%88%B2
遊戲直播主監製10 大Steam免費遊戲推薦排行榜【2024最新】,https://tw.my-best.com/117584
遊戲私房菜,https://store.steampowered.com/curator/31470152-%E9%81%8A%E6%88%B2%E7%A7%81%E6%88%BF%E8%8F%9C/
情報2023 10月新遊戲推薦分享,https://forum.gamer.com.tw/C.php?bsn=60599&snA=42966
Steam 排行榜,https://store.steampowered.com/charts/STEAM?l=schinese
【 2023 最新】Steam 免費遊戲10 大推薦！永久/限時免費排行榜,https://news.gamebase.com.tw/news/detail/99410743
建造和自動化遊戲,https://store.steampowered.com/category/sim_building_automation/?l=tchinese
2023 Steam「年度最佳榜單」出爐，12款白金暢銷遊戲你玩過 ...,https://tw.news.yahoo.com/best-of-2023-034109802.html
遊戲直播主監製10 大Steam多人遊戲推薦排行榜【2024最新】,https://tw.my-best.com/117409
高品質限時免費遊戲，眾多肉鴿作品推薦【Steam特賣推薦】,https://www.youtube.com/watch?v=PQa_vqVHzEI
多人游戏大合集,https://store.steampowered.com/curator/40912347
免費Steam 遊戲- 中文台灣討論區,https://www.facebook.com/groups/steamfreegame/
Steam 鑑賞家：多人游戏大合集,https://store.steampowered.com/curator/40912347?l=tchinese
2024年10 大備受期待的STEAM 遊戲新作推薦 - 無課玩家,https://wuke.app/article/top-10-steam-highly-anticipated-games-of-2024
省荷包又能玩到好遊戲！ Steam「便宜好評遊戲」推薦整理,https://tw.news.yahoo.com/steam-games-073607873.html
【Steam 冬季特賣】十五款非玩不可單人、多人遊戲推薦 - PCM,https://www.pcmarket.com.hk/steam-winter-sales-2022/
情報五月第二週Steam精選特價遊戲推薦分享,https://forum.gamer.com.tw/C.php?bsn=60599&snA=45651
多款大作史低！Steam 無限重玩節3 款精選遊戲推薦卡牌,https://news.para-daily.com/2024/05/15/steam-endlessly-replayable-highlight/
"【Steam爭氣網】主題推薦-RPG週(角色扮演類遊戲),買就有 ...",https://www.interwise.com.tw/interwise/index.php?route=module/yynews/browse&yynews_id=582
"【4月新遊戲】12款最新遊戲推薦! | Switch, PS5, Xbox, Steam",https://www.youtube.com/watch?v=FgAo6T8lHCA
Steam 11 個最熱門的[合作遊戲],https://www.hp.com/hk-zh/shop/tech-takes/post/Steam-11-%E5%80%8B%E6%9C%80%E7%86%B1%E9%96%80%E7%9A%84%E5%90%88%E4%BD%9C%E9%81%8A%E6%88%B2
"【4月新遊戲】12款最新遊戲推薦! | Switch, PS5, Xbox, Steam",https://www.youtube.com/watch?v=FgAo6T8lHCA
Steam 鑑賞家：免费游戏,https://store.steampowered.com/curator/40602490-%25E5%2585%258D%25E8%25B4%25B9%25E6%25B8%25B8%25E6%2588%258F/?l=tchinese&appid=1258870
steam遊戲- 優惠推薦- 2024年6月,https://shopee.tw/search?keyword=steam%E9%81%8A%E6%88%B2
Steam冬特最終倒數！7款多人合作遊戲推薦過年線上圍爐也能 ...,https://tech.udn.com/tech/story/123158/7683012
2023夯夯熊電玩：情侶最愛的「10款Steam雙人遊戲」推薦,https://nb.aotter.net/post/6531f938b2da2a528e46d601
Steam公布七項「2023年度最佳」遊戲榜單，你的收藏庫有哪 ...,https://www.4gamers.com.tw/news/detail/61902/steam-games-best-of-year-2023
【新聞】你所不知道Steam小秘密－貼心的Steam推薦功能,https://www.interwise.com.tw/interwise/index.php?route=module/yynews/browse&yynews_id=37
必買的超高毒性類Rogue遊戲，這款強烈推薦【Steam特賣推薦】,https://www.youtube.com/watch?v=u1HFOhKlKcU
steam遊戲推薦全攻略(136205),https://www.cool3c.com/tag/136205
十大steam游戏推荐好玩的steam游戏排行榜,https://www.gamersky.com/handbook/202308/1639721.shtml
Steam 鑑賞家：PC游戏推荐,https://store.steampowered.com/curator/24308437/?l=tchinese
Steam 遠端同樂免費遊戲推薦！5款遊戲與朋友免費暢玩,https://ksinwei.me/gaming/steam/steam-remote-play-together-games-recommendations-march-2023/
2021年遊戲推薦: 最值得期待的PS5,https://www.redbull.com/tw-zh/best-games-2021
嚐鮮時刻！Steam 新品節遊戲推薦：經營模擬篇,https://www.upmedia.mg/news_info.php?Type=12&SerialNo=203940
跳脫設備的束縛，盡情遊戲 - GeForce NOW x 台灣大哥大,https://gfn.taiwanmobile.com/portal/games
遊戲太多不知玩誰好？Steam給你「下一款遊戲」推薦系統,https://www.mirrormedia.mg/story/20200214gamesteam
必玩遊戲一次複習，22 款2023 上半年度遊戲精選推薦！,https://www.techbang.com/posts/108659-22-games-of-the-first-half-of-2023
「Steam夏季特賣」7款動物遊戲推薦！《雲和綿羊》照顧小羊,https://www.niusnews.com/=P1mmdrxn4
嚐鮮時刻！Steam 新品節遊戲推薦：經營模擬篇,https://news.pchome.com.tw/game/upmedia/20240614/index-71833155357721236104.html
Steam 遊戲推薦彙整,https://applealmond.com/posts/tag/steam-%E9%81%8A%E6%88%B2%E6%8E%A8%E8%96%A6
推薦Steam多人遊戲整理- 遊戲板,https://www.dcard.tw/f/game/p/241804137
Steam 鉴赏家：我的游戏不可能那么好玩！,https://store.steampowered.com/curator/34823631/?l=schinese
只有7天，2023 Steam新品節達900款遊戲試玩版免費下載,https://www.4gamers.com.tw/news/detail/56860/you-have-got-7-days-to-get-through-900-game-demos-in-the-latest-steam-next-fest
https://zhuanlan.zhihu.com/p/448056104,https://zhuanlan.zhihu.com/p/448056104
多人遊戲推薦｜10款多人連線遊戲／線上手遊總整理一次看！,https://shopee.tw/blog/online-games-recommend/
steam上有哪些值得推荐的单机游戏,https://www.gamersky.com/handbook/202312/1681782.shtml
Steam冬季特賣2023最值得入手特價遊戲清單推薦整理,https://mrmad.com.tw/steam-winter-sale-2023
2月Steam游戏推荐丨大作井喷，游戏多到玩不完！,https://www.gcores.com/articles/147023
獨自玩恐怖遊戲心驚驚？Steam「多人合作恐怖遊戲」4款推薦,https://www.beauty321.com/post/41951
2024 精選20款遊戲推薦：發售時間、全平台種類一次看完,https://www.techbang.com/posts/113914-take-stock-of-the-20-most-anticipated-games-of-2024
【Steam 推薦】2024 年10 款「動作遊戲」推薦！多人、合作,https://pinogamer.com/14146
2022年Steam游戏推荐| 免费| 好玩| 热门| 最期待的都在这里,https://www.youtube.com/playlist?list=PLx6Z2h0237MJTcbc3qJMzBpk5a5KFb45d
[閒聊] 各類型最頂or神作的遊戲& 視覺小說推薦- 看板Steam,https://www.ptt.cc/bbs/Steam/M.1700999549.A.C95.html
10款Steam 必買的超人氣大作!,https://www.gamenir.com.tw/SteamGame
ROG Ally、Steam Deck 長時間實際使用大對決！ - 遊戲,https://www.mobile01.com/topicdetail.php?f=1561&t=6881145
一款游戏玩一辈子，6款‘时间妖精’游戏推荐【Steam游戏推荐】,https://www.youtube.com/watch?v=COTT06qdkl8
影／10款免費steam熱門遊戲推薦居家防疫成為電玩達人,https://www.nownews.com/news/5313089
Steam免費遊戲恐怖,https://www.tiktok.com/discover/steam%E5%85%8D%E8%B2%BB%E9%81%8A%E6%88%B2%E6%81%90%E6%80%96
身為遊戲設計師，不能錯過的二十二款遊戲推薦（上）,https://medium.com/that-game-designer/%E8%BA%AB%E7%82%BA%E9%81%8A%E6%88%B2%E8%A8%AD%E8%A8%88%E5%B8%AB-%E4%B8%8D%E8%83%BD%E9%8C%AF%E9%81%8E%E7%9A%84%E4%BA%8C%E5%8D%81%E4%BA%8C%E6%AC%BE%E9%81%8A%E6%88%B2%E6%8E%A8%E8%96%A6-%E4%B8%8A-1f2e24c6ea
【Steam 限免】2024 限時免費！單機/多人20 款永久免費遊戲 ...,https://wattbrother.com/141993
Steam 冬季特賣遊戲怎麼選？28款我私房推薦的特價遊戲評論,https://www.playpcesor.com/2015/11/steam-10.html
【GQ 電玩】農曆七月最應景！精選7 款恐怖遊戲推薦,https://www.gq.com.tw/article/%E6%81%90%E6%80%96%E9%81%8A%E6%88%B2%E6%8E%A8%E8%96%A6-%E9%AC%BC%E6%9C%88-2023
這些好遊戲真的可以免費玩嗎？ Steam 免費遊戲推薦（2023 ...,https://agirls.aotter.net/post/62624
Steam遊戲推薦,https://happinessfishes.com/steam%E9%81%8A%E6%88%B2%E6%8E%A8%E8%96%A6
【2023最新遊戲】Steam限時免費遊戲推薦!永久/限時免費手遊 ...,https://xin.18183.com/wiki/4430276.html
Steam 平台公開2023 年遊玩人數最高的遊戲排行榜,https://www.kocpc.com.tw/archives/527248
【科技新知】精選3款Steam多人遊戲推薦！逗趣大逃殺,https://www.jyes.com.tw/news.php?act=view&id=963
體驗仙俠世界！2022「修仙遊戲」7款推薦，經營門派、修煉功 ...,https://www.niusnews.com/=P14valvl1
Steam遊戲推薦2022：5 款經營、模擬類特價遊戲推薦,https://applealmond.com/posts/83933
【2024推薦手遊】5款玩不膩的手遊推薦,https://www.myfeel-tw.com/media/phonegame
3款Steam必玩的免費低配打喪尸遊戲推薦。生存射擊遊戲 ...,https://www.tiktok.com/@jdbbdswq1b5/video/7218476668376075525
如電影般的沉浸體驗，STEAM劇情向獨立遊戲推薦TOP12,https://funintw.com/steam-storygame/
steam遊戲推薦,https://mrmad.com.tw/tag/steam%E9%81%8A%E6%88%B2%E6%8E%A8%E8%96%A6
遊戲推薦2024｜28款居家解悶必玩家用遊戲單機/連線遊戲推薦,https://www.nmplus.hk/game/%E9%81%8A%E6%88%B2%E6%8E%A8%E8%96%A62022-%E5%AE%B6%E7%94%A8-%E5%96%AE%E6%A9%9F-830605/
[問題] 求推薦遊戲，真的不知道要玩啥- 看板Steam,https://www.ptt.cc/bbs/Steam/M.1653061745.A.F63.html
停不下來的地城闖關！Steam 新品節遊戲推薦：棋牌類Rogue ...,https://today.line.me/tw/v2/article/BEk0LRN
2021多人連線遊戲推薦！五款熱門「Steam連線遊戲」大集合,https://www.beauty321.com/post/41941
停不下來的地城闖關！Steam 新品節遊戲推薦：棋牌類Rogue ...,https://n.yam.com/Article/20240615939855
"""只要台幣150"" Steam""超便宜""遊戲推薦",https://blog.wallet-codes.com/tw/steam-twd150-game-recommendation-202206/
Steam 公布2022 最佳遊戲榜《艾爾登法環》連拿暢銷,https://news.xfastest.com/game/122454/steam-6/
10款好玩的Steam遊戲推薦，老玩家都愛把它們收藏起來長期玩,https://ek21.com/news/212918/
最好的Steam遊戲,https://zh-hant.10besty.com/best-steam-games/
如果我女友玩不了魂系列的話，我只好玩...,https://store.steampowered.com/curator/25513480/?l=tchinese
Steam遊戲變掌機！Valve推「Steam Deck」掌上型遊戲PC ...,https://www.marieclaire.com.tw/lifestyle/whats-hot/58821
情報3月第三週Steam精選免費遊戲推薦分享- 遊戲板,https://www.dcard.tw/f/game/p/254970935
Steam模擬生存遊戲30 Days on Ship 在貨櫃船上挖寶嘗試 ...,https://www.cool3c.com/article/209949
【Steam】10 款網友推薦的RPG遊戲，身歷其境的內容等你 ...,https://pinogamer.com/14178
【Steam】單機多人合作遊戲的私房推薦清單,https://homepappy.com/couch-co-op-games/
好评竟高达98%，2022年Steam十大国产游戏推荐,https://www.163.com/dy/article/HTIF8M4Q0526DJQA.html
過年最啱玩之Steam遊戲推薦消磨時間定招呼親戚小朋友都咁fit,https://www.hk01.com/%E9%81%8A%E6%88%B2%E5%8B%95%E6%BC%AB/291616/%E9%81%8E%E5%B9%B4%E6%9C%80%E5%95%B1%E7%8E%A9%E4%B9%8Bsteam%E9%81%8A%E6%88%B2%E6%8E%A8%E8%96%A6-%E6%B6%88%E7%A3%A8%E6%99%82%E9%96%93%E5%AE%9A%E6%8B%9B%E5%91%BC%E8%A6%AA%E6%88%9A%E5%B0%8F%E6%9C%8B%E5%8F%8B%E9%83%BD%E5%92%81fit
【2023 Steam 雙人遊戲推薦】10 款超夯合作遊戲，情侶/好友 ...,https://news.gamebase.com.tw/news/detail/99410741
Steam 社群:: 無盡帝國,https://steamcommunity.com/app/289130/negativereviews/?l=tchinese&p=1&browsefilter=toprated
大型多人,https://store.steampowered.com/tags/en/Massively%20Multiplayer/?l=tchinese
Steam Indie Games 五款極具創意與個性的獨立開發遊戲,https://www.playpcesor.com/2010/01/steam-indie-games.html
Steam下載遊戲很慢,https://www.tiktok.com/discover/Steam%E4%B8%8B%E8%BC%89%E9%81%8A%E6%88%B2%E5%BE%88%E6%85%A2
2024 Steam信用卡推薦最高10%回饋，買遊戲高回饋卡推薦,https://creditcards.com.tw/creditcard/steam-credit-card-cashback/
兩款大作歷史新低，也很推薦這款超高毒性遊戲，以及牛頭人 ...,https://www.youtube.com/watch?v=A0rwaDKuN-M
Steam遊戲破解的價格推薦- 2024年6月 - BigGo,https://biggo.com.tw/s/steam%E9%81%8A%E6%88%B2%E7%A0%B4%E8%A7%A3/
每週都有免費遊戲,https://store.epicgames.com/zh-Hant/free-games
每週都有免費遊戲,https://store.epicgames.com/zh-Hant/free-games
【2022最新】Steam多人連線遊戲推薦，不管有沒有疫情都 ...,https://www.joyfullifeplayer.com/multiplayer-games/
【科技新知】Steam怎麼隱藏遊戲動態、願望清單遊戲,https://www.jyes.com.tw/news.php?act=view&id=8470
日系角色扮演,https://store.steampowered.com/category/rpg_jrpg/?l=tchinese
2023最新steam免費遊戲推薦,https://xin.18183.com/wiki/4434311.html
STEAM游戏推荐,https://www.youtube.com/playlist?list=PLP1VonOmsYsMg-Iqa4cSpHj6puKnoZiVO
【Steam 推薦】2024 年20 款恐怖遊戲推薦！免費/多人/台灣,https://wattbrother.com/148579
極惡戰線,https://www.ubisoft.com/zh-tw/game/xdefiant
Steam 上10 個最實用的應用程式推薦（不是遊戲）,https://www.kocpc.com.tw/archives/551053
【Steam】單機雙人合作遊戲的私房推薦清單,https://homepappy.com/couch-co-op-games-2-players/
火速更新！Steam《活俠傳》開發團隊為體驗不佳致歉「會補完 ...,https://www.upmedia.mg/news_info.php?Type=12&SerialNo=204239
全台最大遊戲交易平台，安全又優惠,https://www.8591.com.tw/?computer=1
谁?!!!谁能告诉我如何关闭！！社区推荐！Who? ! ! ! Who can ...,https://steamcommunity.com/groups/SteamLabs/discussions/8/1755780148305090449/
Steam 新品節：2024 年6 月版最多人遊玩的遊戲試玩版,https://store.steampowered.com/sale/nextfestmostplayed?l=tchinese
玩家對戰,https://store.steampowered.com/tags/pl/PvP/?l=tchinese
《Temtem》：一款激似《寶可夢》的遊戲為什麼能成為銷售黑馬？,https://www.bnext.com.tw/article/56509/temtem-on-steam
團隊射擊遊戲《第二浪潮》計畫搶先體驗改為免費遊玩現階段 ...,https://news.pchome.com.tw/game/gamer/20240614/index-71836044902285203104.html
「 0擼點擊」遊戲風靡Steam：Banana爆火，在線人數超75萬人,https://news.cnyes.com/news/id/5602570
【GQ 電玩】六月最值得關注的6 款遊戲一次看！法環DLC,https://www.gq.com.tw/article/gq%E9%9B%BB%E7%8E%A9-%E5%85%AD%E6%9C%88%E6%9C%80%E5%80%BC%E5%BE%97%E9%97%9C%E6%B3%A8%E7%9A%84-6-%E6%AC%BE%E9%81%8A%E6%88%B2%E4%B8%80%E6%AC%A1%E7%9C%8B
【STEAM】10款超好玩休閒益智類遊戲推薦,https://playgametoday.com/%E3%80%90steam%E3%80%9110%E6%AC%BE%E8%B6%85%E5%A5%BD%E7%8E%A9%E4%BC%91%E9%96%92%E7%9B%8A%E6%99%BA%E9%A1%9E%E9%81%8A%E6%88%B2%E6%8E%A8%E8%96%A6/
Steam 哪些遊戲最紅? 全玩家票選的大獎獎落誰家?｜ 遊戲新聞 ...,https://www.youtube.com/watch?v=-Wste7ZWL4I
最強遊戲掌機？Steam Deck 開箱與初步使用心得分享～買 ...,https://axiang.cc/archives/78891
steam離線版遊戲,https://www.mobile01.com/topicdetail.php?f=283&t=6976551
必玩單機steam遊戲推薦steam有哪些好玩的遊戲 - 電玩01,https://agame01.com/article/1178640/
steam 單機遊戲推薦9大著數! 獨家資料! (2024年更新) - Clarisonic,https://www.clarisonic.com.tw/archives/10672
【懶人包】Steam成人遊戲精選｜10款精心推薦的小黃遊大蒐秘,https://www.fatnyanya.com/hg/
闔家,https://store.steampowered.com/tags/en/Family%20Friendly/?l=tchinese
【PC遊戲】10款本週精選Steam史低遊戲推薦！1.21,https://game.3loumao.org/428221327?language=zh-tw
歡迎來到Minecraft 官方網站| Minecraft,https://www.minecraft.net/zh-hant
一款游戏能玩一年，7款超高性价比游戏玩7年【Steam游戏推荐】,https://www.youtube.com/watch?v=FYObDfmKkqA
一款游戏能玩一年，7款超高性价比游戏玩7年【Steam游戏推荐】,https://www.youtube.com/watch?v=FYObDfmKkqA
鹅盒-腾讯官方免下载游戏平台.21 iun. 2024 — 現已全面開放 ...,https://serefla.pp.ua/serefla/2024/06/19/2850.html
8591寶物交易網- 全台最大遊戲交易平台，安全又優惠,https://www.8591.com.tw/
卡牌遊戲,https://store.steampowered.com/tags/ja/%E3%82%AB%E3%83%BC%E3%83%89%E3%82%B2%E3%83%BC%E3%83%A0/?l=tchinese
Steam，終極線上遊戲平台,https://store.steampowered.com/about/-Steam.%D0%9A%D0%B0%D1%87%D0%B0%D0%B9%D1%82%D0%B5?l=tchinese
7 iul. 2024 — 有趣的離線遊戲游戏简介,https://serefla.pp.ua/serefla/2024/06/19/1527.html
"【TOP10】2024十大必玩開放世界遊戲! 8K畫質! | Switch, PS5 ...",https://www.youtube.com/watch?v=W0r6cjW3lLQ
盤點10款超耐玩Steam生存遊戲，玩100個小時只算萌新,https://kknews.cc/zh-tw/game/xbv9ex8.html
生存,https://store.steampowered.com/category/survival?l=tchinese
電玩宅速配VOL.14 - 第 9 頁 - Google 圖書結果,https://books.google.com.tw/books?id=1N3SDwAAQBAJ&pg=PA9&lpg=PA9&dq=Steam+%E9%81%8A%E6%88%B2%E6%8E%A8%E8%96%A6&source=bl&ots=9m4fm-qu_9&sig=ACfU3U39PmnbEKjbuFq0361p5i8WzgWVxg&hl=zh-TW&sa=X&ved=2ahUKEwijgdH---eGAxWlm68BHcvFJ884jAEQ6AF6BAgCEAM
夏天來了Steam ❌ Epic 免費只要百元特價遊戲推薦🤑 每週特賣 ...,https://www.youtube.com/watch?v=0_tgVAh91mo
macOS 作品,https://store.steampowered.com/macos?l=tchinese
【游戏推荐】必买！7款超好玩Steam开放世界游戏！值得你去 ...,https://www.youtube.com/watch?v=CH43xgtO1es
歡迎來到Steam,https://store.steampowered.com/?l=tchinese
人氣超越《糖豆人》，Steam遊戲《派對動物》有什麼好玩的？,https://kknews.cc/zh-tw/game/kk4el4b.html
[閒聊] 靈墟/ 灵墟這款遊戲的評價？ PTT推薦- Steam,https://pttyes.com/Steam/E.e1irpv-RdkVA
Replying to @droxces 2400 Steam games is an absolutely ...,https://www.tiktok.com/@fantastic_tek/video/7362295474432396586
《Steam遊戲推薦》12款夏季特賣會休閒遊戲，全部五折以下懶 ...,https://www.youtube.com/watch?v=my5uzN5a8yc
【游戏推荐】2022上半年Steam必买！20款超好玩单机游戏精选 ...,https://m.youtube.com/watch?v=xiGoHYtttew&pp=ygUMI3N0ZWFt5Y2V5py6
【單機H-GAME推薦】Steam新品節2024年2月版H- ...,https://www.ero-labs.com/zh/forum_content.html?forum_id=1&article_id=b9f7d1cc-c870-e89d-b9fa-cb161e9ddd27
